Parameter / assumption,Role in PRE,Status,Physiological / literature basis,Main vulnerability,How to present
PEEP protocol range 0-24 cmH2O,Pressure range used for simulated ascending/decremental titration,Literature-informed / conceptual,PALICC-2 and PEEP titration literature support individualized titration and risk-benefit balancing; exact range is a simulation choice,Model protocol only; not recommendation,Keep as stress-test range; clearly state upper bound is not target
4 x 4 regional grid,Regional visualization of collapse/overdistension/ventilation distribution,Conceptual / EIT-inspired,"EIT literature supports regional monitoring of collapse and overdistension, but this grid is not EIT reconstruction",Moderate conceptual support,Use “EIT-inspired conceptual grid”; avoid “EIT map”
160 units/region; 2560 total,Numerical resolution of virtual units,Computational assumption,Chosen for stable output and speed; no anatomical equivalence,Arbitrary but harmless if disclosed,Move to supplement
FRC age scaling,Contextual pediatric lung-volume scaling,Literature-informed,Anesthetized pediatric FRC reference values support age/weight dependence,Not calibrated to individual patients,State context only; not an outcome driver
Age modifier for airway closure,Increases closure susceptibility in younger children,Literature-informed / conceptual,Airway closure can occur during tidal ventilation in anesthetized infants and children,Needs caution,Keep as simple pediatric modifier
Opening pressure distribution,Determines recruitment threshold heterogeneity,Conceptual / literature-informed,Recruitment/PEEP physiology supports heterogeneous recruitability; exact distribution not pediatric-data derived,Reviewer-sensitive,Label as conceptual distribution
Closing pressure below opening pressure,Creates hysteresis/memory during descending PEEP,Literature-informed / conceptual,Recruitment/derecruitment hysteresis is accepted physiology; exact gap not calibrated,Moderate support,Keep and test by no-hysteresis ablation
Time-dependent derecruitment rate,Gradual closure below closing pressure,Exploratory surrogate,Prevents unrealistic instantaneous derecruitment; no pediatric kinetic calibration,Weakest kinetic assumption,Describe as qualitative only
Overdistension threshold,Determines high-pressure injury/overdistension burden,Conceptual / literature-informed,EIT and lung-protective ventilation literature support overdistension as competing risk,No direct pediatric threshold,Use sensitivity/ablation
Dependent perfusion weighting,Increases effect of dependent collapse on shunt surrogate,Conceptual / physiology-informed,Gravity-dependent regional physiology supports dependent perfusion emphasis; not patient-specific,Moderate,Keep as visual/physiology assumption
Compliance surrogate,Open units contribute compliance; overdistension penalizes it,Conceptual / physiology-informed,Compliance rises with recruitment and falls with overdistension in general respiratory mechanics,Not calibrated,"State as surrogate, not measured compliance"
Driving-pressure surrogate,VT divided by compliance surrogate,Literature-informed / simplified,"Driving pressure is clinically meaningful in ARDS, but this surrogate is dimensionally simplified",Moderate but simplified,Avoid clinical DP claims
Shunt surrogate,Baseline shunt plus perfusion to closed units,Conceptual / physiology-informed,Collapsed perfused lung contributes to shunt; exact coefficient not calibrated,Moderate,Keep as directional output
Oxygenation surrogate,Monotonic function of FiO2 and shunt,Exploratory surrogate,Oxygenation improves when shunt falls; no blood-gas calibration,High reviewer sensitivity,Explicitly say it is intentionally monotonic
Dead-space burden surrogate,Rises with overdistension and maldistribution,Exploratory surrogate,Overdistension can increase dead-space burden; exact formula is not validated,High reviewer sensitivity,Treat as exploratory counterweight
CO2-clearance surrogate,Compliance x (1-dead space) penalized by pressure burden,Exploratory surrogate,Qualitative relation to effective ventilation; not PaCO2 model,High reviewer sensitivity,Do not claim PaCO2 prediction
CO2-retention-risk surrogate,Inverse of CO2 clearance plus dead-space burden,Exploratory surrogate,Intended as qualitative warning signal only,High reviewer sensitivity,Keep in supplement or cautious Results
Gas-exchange balance,Oxygenation surrogate multiplied by CO2-clearance surrogate,Exploratory composite,Used to avoid oxygenation-only interpretation; not a validated endpoint,High reviewer sensitivity,Use as secondary exploratory output
Regional-balance penalty 1.65,Weights overdistension more than collapse,Conceptual assumption,Reflects protective-ventilation priority; not outcome-derived,Reviewer-sensitive,Present penalty sensitivity 1.0/1.65/2.5
Penalty sensitivity 1.0/1.65/2.5,Tests dependence on balance coefficient,Robustness analysis,Shows target dissociation does not depend on one coefficient,Useful,Keep in main or supplement
Model evaluation checks,Internal consistency/construct tests,Internal evaluation only,Checks model behavior; not external validation,Do not overstate,Avoid “validated 10/10” wording
