group,value,regional_balance_target_cmH2O,gas_exchange_target_cmH2O,co2_clearance_target_cmH2O,oxygenation_target_cmH2O,matched_PEEP_12_recruitment_difference,regional_below_oxygenation
baseline,0.0,16.0,16.0,16.0,24.0,0.5914874513997312,True
mean_opening_pressure_cmH2O,8.0,14.0,14.0,14.0,24.0,0.4381746053686326,True
mean_opening_pressure_cmH2O,10.0,16.0,16.0,16.0,24.0,0.5914874513997312,True
mean_opening_pressure_cmH2O,12.0,18.0,18.0,18.0,24.0,0.6511395664176476,True
mean_hysteresis_gap_cmH2O,3.0,16.0,16.0,16.0,24.0,0.5539879907890972,True
mean_hysteresis_gap_cmH2O,4.0,16.0,16.0,16.0,24.0,0.5914874513997312,True
mean_hysteresis_gap_cmH2O,5.0,16.0,16.0,16.0,24.0,0.6204476077994425,True
overdistension_shift_cmH2O,9.5,14.0,16.0,14.0,24.0,0.5914874513997312,True
overdistension_shift_cmH2O,11.5,16.0,16.0,16.0,24.0,0.5914874513997312,True
overdistension_shift_cmH2O,13.5,16.0,18.0,16.0,24.0,0.5914874513997312,True
derecruitment_rate_per_step,0.15,16.0,16.0,16.0,24.0,0.63158762226116,True
derecruitment_rate_per_step,0.3,16.0,16.0,16.0,24.0,0.5914874513997312,True
derecruitment_rate_per_step,0.45,16.0,16.0,16.0,24.0,0.5573111219755462,True
perfusion_dependent_tilt,-0.5,16.0,16.0,16.0,24.0,0.5914874513997312,True
perfusion_dependent_tilt,0.0,16.0,16.0,16.0,24.0,0.5914874513997312,True
perfusion_dependent_tilt,0.5,16.0,16.0,16.0,24.0,0.5914874513997312,True
ventilation_dependent_tilt,-0.5,16.0,16.0,16.0,24.0,0.5914874513997312,True
ventilation_dependent_tilt,0.0,16.0,16.0,16.0,24.0,0.5914874513997312,True
ventilation_dependent_tilt,0.5,16.0,16.0,16.0,24.0,0.5914874513997312,True
overdistension_balance_penalty,1.0,16.0,16.0,16.0,24.0,0.5914874513997312,True
overdistension_balance_penalty,1.65,16.0,16.0,16.0,24.0,0.5914874513997312,True
overdistension_balance_penalty,2.5,16.0,16.0,16.0,24.0,0.5914874513997312,True
posthoc_gas_exchange_oxygenation_power,0.5,,16.0,,,,
posthoc_gas_exchange_oxygenation_power,1.0,,16.0,,,,
posthoc_gas_exchange_oxygenation_power,1.5,,18.0,,,,
