label,age_years,weight_kg,severity,limb,step_index,PEEP,FiO2,VT_ml_kg,FRC_ml,overdistension_penalty,recruited_fraction,collapsed_fraction,overdistended_fraction,compliance_surrogate,driving_pressure_surrogate,plateau_pressure_surrogate,shunt_surrogate,dead_space_surrogate,co2_clearance_surrogate,co2_retention_risk,oxygenation_surrogate,spo2_surrogate,global_balance_index,regional_balance_index,gas_exchange_balance,dependent_ventilation_fraction,nondependent_ventilation_fraction
healthy_2y,2.0,12.0,healthy,ascending,0,0.0,0.6,6.0,248.2211155504889,1.65,0.00013056582526237647,0.9998694341747376,6.471057557639387e-15,0.00013254067415197624,14295.512334067991,14295.512334067991,0.809942196219911,0.2997011182578342,5.539802514369401e-07,1.1648350610615574,11.403468226805337,71.12240380817939,-0.2998694341747483,0.0001305658252517081,6.317296195538778e-08,0.0014944087108495104,0.9985055912891506
healthy_2y,2.0,12.0,healthy,ascending,1,2.0,0.6,6.0,248.2211155504889,1.65,0.004287406299779198,0.9957125937002208,2.642381504945752e-12,0.0043516366189116275,435.40787249353303,437.40787249353303,0.8081087214164306,0.29965354606503897,0.0005192127186182015,1.1642902376171533,11.51347671501416,71.21302647839352,-0.2957125937045807,0.004287406295419266,5.9779435459498624e-05,0.001732269682996654,0.9982677303170033
healthy_2y,2.0,12.0,healthy,ascending,2,4.0,0.6,6.0,248.2211155504889,1.65,0.0591546753353923,0.9408453246646077,3.4871325048926196e-10,0.06044656832003564,31.345647813678003,35.345647813678,0.7833714366233433,0.29905845925891456,0.03593582759824107,1.1285463249941619,12.997713802599401,72.408266896772,-0.09430180337676455,0.05915467476001545,0.004670836023814904,0.004707704786438319,0.9952922952135617
healthy_2y,2.0,12.0,healthy,ascending,3,6.0,0.6,6.0,248.2211155504889,1.65,0.26197324360270263,0.7380267563972973,1.0807902055129078e-08,0.26650282275662496,7.1096314196850745,13.109631419685075,0.6787948440490046,0.29363750376310255,0.18824759913654907,0.9732530279331573,19.272309357059726,76.9367130453777,0.26197322576966425,0.2619732257696643,0.036279659662833426,0.03181251468898386,0.9681874853110162
healthy_2y,2.0,12.0,healthy,ascending,4,8.0,0.6,6.0,248.2211155504889,1.65,0.5538687205303879,0.44613127946961206,1.622566093195076e-07,0.5651470089817728,3.352644200522297,11.352644200522297,0.4740902699453807,0.26965571745458133,0.4127518868074822,0.7355587577925375,31.554583803277154,83.76255626477669,0.5538684528069826,0.5538684528069825,0.13024214002227463,0.15172191572258237,0.8482780842774178
healthy_2y,2.0,12.0,healthy,ascending,5,10.0,0.6,6.0,248.2211155504889,1.65,0.8279682295932848,0.17203177040671525,2.0911990930836796e-06,0.8460429459469511,2.239527970987974,12.239527970987973,0.21785805948950612,0.23673661501197812,0.645753602768708,0.48445153548788,46.92851643062963,89.53470338572464,0.8279647791147812,0.8279647791147812,0.3030425855766959,0.31632340765729805,0.683676592342702
healthy_2y,2.0,12.0,healthy,ascending,6,12.0,0.6,6.0,248.2211155504889,1.65,0.9739555404973471,0.026044459502652884,2.5685998555272647e-05,0.9951089939578516,1.9040495600078116,13.904049560007811,0.05937277480861348,0.222482708686043,0.7737144495442655,0.34865104023305815,56.437633511483185,92.02448965680848,0.9739131585997309,0.9739131585997308,0.43666612545918204,0.38766608316530643,0.6123339168346935
healthy_2y,2.0,12.0,healthy,ascending,7,14.0,0.6,6.0,248.2211155504889,1.65,0.9988198902726367,0.0011801097273632655,0.00030830380206962524,1.019946651095809,1.857682301392527,15.857682301392527,0.03130413346296613,0.22052963567477543,0.795018187721943,0.3262731118991835,58.12175199222202,92.3991660721461,0.9983111889992219,0.9983111889992219,0.46207849936080586,0.39830756341253887,0.6016924365874612
healthy_2y,2.0,12.0,healthy,ascending,8,16.0,0.6,6.0,248.2211155504889,1.65,0.9999678011729014,3.219882709859512e-05,0.003271466680229494,1.0186024284476336,1.8601338355268526,17.860133835526852,0.030035464985527595,0.22227082196951747,0.7921968294164314,0.33005212266680317,58.197872100868345,92.41567886068762,0.9945698811505227,0.9945698811505226,0.4610416975709089,0.39878743686112417,0.6012125631388758
healthy_2y,2.0,12.0,healthy,ascending,9,18.0,0.6,6.0,248.2211155504889,1.65,0.9999991507918498,8.492081502442517e-07,0.02300318863569813,1.001928367820571,1.8910901247628709,19.891090124762872,0.030000935256684836,0.23450187204129638,0.7669742899153665,0.3620017397073465,58.199943884598916,92.41612779234747,0.9620438895429478,0.9620438895429478,0.44637860634004434,0.39880052456418236,0.6011994754358176
healthy_2y,2.0,12.0,healthy,ascending,10,20.0,0.6,6.0,248.2211155504889,1.65,0.9999999776244994,2.2375500563498463e-08,0.09644988138591712,0.9403889559026574,2.0148437837474917,22.01484378374749,0.03000002464269978,0.28003875251256416,0.6614941855904932,0.4925271282914171,58.19999852143801,92.41613963116124,0.8207092355002613,0.8408576733377363,0.3849896062330655,0.39880086973352225,0.6011991302664776
healthy_2y,2.0,12.0,healthy,ascending,11,22.0,0.6,6.0,248.2211155504889,1.65,0.9999999994104503,5.895497423580309e-10,0.2721574295753312,0.793227771496638,2.3886415859222017,24.3886415859222,0.03000000064928578,0.38897743057105133,0.461072767972884,0.7528648188411943,58.19999996104285,92.41613994309729,0.5070538247519318,0.5509402406111539,0.26834435078059765,0.3988008788282703,0.6011991211717296
healthy_2y,2.0,12.0,healthy,ascending,12,24.0,0.6,6.0,248.2211155504889,1.65,0.9999999999844664,1.5533574426740415e-11,0.5335089766218909,0.5742388982653692,3.2995619903646114,27.299561990364612,0.03000000001710737,0.5510153896919926,0.23759082360054665,1.0654676407300494,58.19999999897356,92.41613995131618,0.04671456865470035,0.11971018855834659,0.13827785933307943,0.39880087906789874,0.6011991209321013
healthy_2y,2.0,12.0,healthy,descending,13,24.0,0.6,6.0,248.2211155504889,1.65,0.9999999999844664,1.5533574426740415e-11,0.5335089766218909,0.5742388982653692,3.2995619903646114,27.299561990364612,0.03000000001710737,0.5510153896919926,0.23759082360054665,1.0654676407300494,58.19999999897356,92.41613995131618,0.04671456865470035,0.11971018855834659,0.13827785933307943,0.39880087906789874,0.6011991209321013
healthy_2y,2.0,12.0,healthy,descending,14,22.0,0.6,6.0,248.2211155504889,1.65,0.9999999999786038,2.1396218130576017e-11,0.2721574295919319,0.7932277720425354,2.3886415842783446,24.388641584278346,0.03000000002304854,0.38897743053389316,0.4610727683266444,0.7528648184669968,58.19999999861708,92.41613995123895,0.5070538253091328,0.5509402411519161,0.26834435115973077,0.3988008790655233,0.6011991209344767
healthy_2y,2.0,12.0,healthy,descending,15,20.0,0.6,6.0,248.2211155504889,1.65,0.9999999998508013,1.491986534318812e-10,0.09644988148563578,0.9403889781806261,2.014843736015513,22.014843736015514,0.030000000152355606,0.2800387507183358,0.6614942032698288,0.4925271096252559,58.199999990858664,92.41613994955785,0.8207092580393471,0.8408576953995024,0.38498962624257094,0.39880087901379224,0.6011991209862078
healthy_2y,2.0,12.0,healthy,descending,16,18.0,0.6,6.0,248.2211155504889,1.65,0.9999999970762159,2.9237841037144108e-09,0.023003189053070184,1.0019292219194316,1.8910885126949868,19.891088512694985,0.030000002958614193,0.2345018016344786,0.7669750142690935,0.3620009766298697,58.19999982248315,92.41613991307395,0.9620447351386501,0.9620447351386501,0.44637945694310255,0.39880087789212465,0.6011991221078753
healthy_2y,2.0,12.0,healthy,descending,17,16.0,0.6,6.0,248.2211155504889,1.65,0.9999999368749144,6.31250856031329e-08,0.0032714681504936683,1.018634884876429,1.8600745666933587,17.86007456669336,0.030000063838334264,0.22226813953931213,0.7922248041451038,0.3300226726015179,58.19999616969994,92.41613912158257,0.9946020144265998,0.9946020144265999,0.46107480566786324,0.39880085356996986,0.6011991464300301
healthy_2y,2.0,12.0,healthy,descending,18,14.0,0.6,6.0,248.2211155504889,1.65,0.9999986317962726,1.36820372742541e-06,0.00030830848066382735,1.0211356409020123,1.8555192534770033,15.855519253477004,0.030001383598303413,0.22043108598749847,0.7960456026374414,0.32519149465568276,58.1999169841018,92.41612196349001,0.9994899228031773,0.9994899228031773,0.46329787989058374,0.39880032635256557,0.6011996736474343
healthy_2y,2.0,12.0,healthy,descending,19,12.0,0.6,6.0,248.2211155504889,1.65,0.999970678111908,2.9321888092015413e-05,2.5699016965154158e-05,1.0213441209042724,1.855140499000191,13.855140499000191,0.03002964504225011,0.22025812336160192,0.7963847815274924,0.3247571863213887,58.19822129746499,92.41575452942814,0.9999282747339154,0.9999282747339154,0.4634817775327031,0.39878905014458244,0.6012109498554175
healthy_2y,2.0,12.0,healthy,descending,20,10.0,0.6,6.0,248.2211155504889,1.65,0.9994459158161242,0.0005540841838758137,2.112224521621366e-06,1.0208294660891302,1.8560757746973486,11.856075774697349,0.030560308481032014,0.2202851318162409,0.7959559125897834,0.3252009099091491,58.166381491138075,92.40885193574583,0.9994424306456635,0.9994424306456635,0.4629787526182429,0.3985808888148127,0.6014191111851874
healthy_2y,2.0,12.0,healthy,descending,21,8.0,0.6,6.0,248.2211155504889,1.65,0.9929728772182808,0.007027122781719242,1.7335328536214415e-07,1.0142546286404048,1.8681076611354817,9.868107661135483,0.03722356431153878,0.22076966933211367,0.7903379696568968,0.3310853484757657,57.76658614130766,92.32164321206739,0.99297259118536,0.99297259118536,0.45655126404931334,0.3961521907346163,0.6038478092653836
healthy_2y,2.0,12.0,healthy,descending,22,6.0,0.6,6.0,248.2211155504889,1.65,0.9576817241861605,0.04231827581383951,1.4178368335737623e-08,0.9783131922713519,1.9367385179650376,7.936738517965038,0.07217841430038707,0.22301832627728327,0.760131421556009,0.3625286578964968,55.66929514197677,91.84747117546593,0.9576817007918528,0.9576817007918528,0.4231598045329183,0.3849084125665255,0.6150915874334745
healthy_2y,2.0,12.0,healthy,descending,23,4.0,0.6,6.0,248.2211155504889,1.65,0.8662636074016097,0.13373639259839032,1.131157679389604e-09,0.8849231890814633,2.1411314173741687,6.141131417374169,0.15335916702623065,0.22685212153782483,0.6841764862403156,0.4405921806054881,50.79844997842616,90.63016797667956,0.8662636055351995,0.8662636055351997,0.3475510501269405,0.3657393958174647,0.6342606041825354
healthy_2y,2.0,12.0,healthy,descending,24,2.0,0.6,6.0,248.2211155504889,1.65,0.7348056357719417,0.2651943642280583,8.329453088776045e-11,0.7507546014778324,2.523776528809207,4.523776528809207,0.2580417821616043,0.2289888884123933,0.5788401398149342,0.5471037488118822,44.517493070303736,88.78837618573004,0.7348056356345057,0.7348056356345057,0.2576851191302498,0.3550555581962467,0.6449444418037533
